,classes,TP,FP,TN,FN,precision,recall,FPR
0,glasses,1282.0,394.0,3314.0,331.0,0.7649164677804295,0.7947923124612524,0.10625674217907227
1,mask,1534.0,774.0,3062.0,21.0,0.6646447140381283,0.9864951768488746,0.20177267987486966
2,normal,1780.0,235.0,2816.0,1051.0,0.8833746898263027,0.6287530907806429,0.0770239265814487
3,AVR,1532.0,467.67,3064.0,467.67,0.77,0.8,0.13
